Number of training steps,Wasserstein distance,Comparison with
1095000,0.008626315789473687,Experts
1095000,0.005726315789473687,Experts
1095000,0.005447368421052636,Experts
1095000,0.006126315789473691,Experts
1095000,0.008478947368421056,Experts
1095000,0.01014736842105264,Experts
1095000,0.006600000000000009,Experts
1095000,0.0091,Experts
1095000,0.008005263157894746,Experts
1095000,0.00707894736842106,Experts
1095000,0.008236842105263166,New customers
1095000,0.00911578947368422,Closest expert
1095000,0.0072631578947368455,New customers
1095000,0.005600000000000003,Closest expert
1095000,0.007500000000000001,New customers
1095000,0.0061315789473684245,Closest expert
1095000,0.006657894736842108,New customers
1095000,0.006900000000000004,Closest expert
1095000,0.007731578947368427,New customers
1095000,0.008421052631578954,Closest expert
1095000,0.0061368421052631645,New customers
1095000,0.0066315789473684284,Closest expert
1095000,0.007963157894736846,New customers
1095000,0.00822105263157895,Closest expert
1095000,0.007242105263157899,New customers
1095000,0.006042105263157898,Closest expert
1095000,0.008878947368421052,New customers
1095000,0.00851578947368421,Closest expert
1095000,0.008015789473684214,New customers
1095000,0.008131578947368425,Closest expert
1095000,0.01227894736842106,New customers
1095000,0.010547368421052639,Closest expert
1095000,0.006573684210526315,New customers
1095000,0.008694736842105262,Closest expert
1095000,0.005357894736842108,New customers
1095000,0.006015789473684212,Closest expert
1095000,0.0066578947368421066,New customers
1095000,0.007984210526315788,Closest expert
1095000,0.013168421052631584,New customers
1095000,0.011284210526315796,Closest expert
1095000,0.00975263157894737,New customers
1095000,0.009500000000000003,Closest expert
1095000,0.008910526315789475,New customers
1095000,0.008421052631578947,Closest expert
1095000,0.006878947368421056,New customers
1095000,0.007663157894736844,Closest expert
1095000,0.01209473684210527,New customers
1095000,0.011200000000000005,Closest expert
1095000,0.007568421052631585,New customers
1095000,0.007005263157894743,Closest expert
1095000,0.008789473684210531,New customers
1095000,0.011378947368421058,Closest expert
1095000,0.00852105263157895,New customers
1095000,0.008368421052631582,Closest expert
1095000,0.006252631578947369,New customers
1095000,0.008226315789473684,Closest expert
1095000,0.00610526315789474,New customers
1095000,0.00658947368421053,Closest expert
1095000,0.006110526315789478,New customers
1095000,0.006673684210526323,Closest expert
1095000,0.0062789473684210576,New customers
1095000,0.006773684210526319,Closest expert
1095000,0.008547368421052637,New customers
1095000,0.009589473684210533,Closest expert
1095000,0.008031578947368426,New customers
1095000,0.008457894736842112,Closest expert
1095000,0.00804736842105264,New customers
1095000,0.006836842105263167,Closest expert
1095000,0.00773157894736843,New customers
1095000,0.008510526315789482,Closest expert
1095000,0.006952631578947371,New customers
1095000,0.006157894736842108,Closest expert
1095000,0.004789473684210529,New customers
1095000,0.006742105263157898,Closest expert
1095000,0.006731578947368426,New customers
1095000,0.007231578947368425,Closest expert
1095000,0.011915789473684218,New customers
1095000,0.010752631578947376,Closest expert
1095000,0.007247368421052636,New customers
1095000,0.008152631578947373,Closest expert
1095000,0.007631578947368423,New customers
1095000,0.0067736842105263215,Closest expert
1095000,0.007936842105263166,New customers
1095000,0.008457894736842116,Closest expert
1095000,0.007957894736842113,New customers
1095000,0.008621052631578956,Closest expert
1095000,0.006510526315789472,New customers
1095000,0.008726315789473683,Closest expert
1095000,0.0058421052631579,New customers
1095000,0.007142105263157902,Closest expert
1095000,0.007121052631578953,New customers
1095000,0.007200000000000007,Closest expert
1095000,0.006552631578947369,New customers
1095000,0.007994736842105263,Closest expert
1095000,0.005442105263157899,New customers
1095000,0.005905263157894743,Closest expert
1095000,0.008057894736842113,New customers
1095000,0.006747368421052639,Closest expert
1095000,0.006336842105263155,New customers
1095000,0.00856315789473684,Closest expert
1095000,0.006768421052631584,New customers
1095000,0.006815789473684217,Closest expert
1095000,0.00636315789473685,New customers
1095000,0.006542105263157903,Closest expert
1095000,0.007478947368421057,New customers
1095000,0.0053631578947368475,Closest expert
1095000,0.0038368421052631576,New customers
1095000,0.007626315789473688,Closest expert
1095000,0.008552631578947372,New customers
1095000,0.007700000000000005,Closest expert
1095000,0.006140526315789475,Average expert
2190000,0.0076631578947368405,Experts
2190000,0.0049052631578947355,Experts
2190000,0.0030263157894736843,Experts
2190000,0.0062631578947368455,Experts
2190000,0.005815789473684209,Experts
2190000,0.010005263157894741,Experts
2190000,0.00713684210526316,Experts
2190000,0.008442105263157891,Experts
2190000,0.007994736842105268,Experts
2190000,0.008447368421052634,Experts
2190000,0.006900000000000003,New customers
2190000,0.008136842105263163,Closest expert
2190000,0.0035684210526315797,New customers
2190000,0.0034631578947368407,Closest expert
2190000,0.0061684210526315765,New customers
2190000,0.0044842105263157885,Closest expert
2190000,0.005663157894736839,New customers
2190000,0.006036842105263155,Closest expert
2190000,0.007031578947368425,New customers
2190000,0.007731578947368426,Closest expert
2190000,0.005857894736842108,New customers
2190000,0.00627368421052632,Closest expert
2190000,0.005989473684210525,New customers
2190000,0.006347368421052629,Closest expert
2190000,0.00404736842105263,New customers
2190000,0.004005263157894735,Closest expert
2190000,0.00792631578947368,New customers
2190000,0.007984210526315785,Closest expert
2190000,0.00626315789473684,New customers
2190000,0.006242105263157893,Closest expert
2190000,0.012436842105263163,New customers
2190000,0.01070526315789474,Closest expert
2190000,0.0064578947368421034,New customers
2190000,0.007568421052631575,Closest expert
2190000,0.004152631578947367,New customers
2190000,0.004636842105263156,Closest expert
2190000,0.006221052631578945,New customers
2190000,0.007247368421052628,Closest expert
2190000,0.012326315789473687,New customers
2190000,0.010452631578947371,Closest expert
2190000,0.008136842105263154,New customers
2190000,0.007621052631578945,Closest expert
2190000,0.008289473684210522,New customers
2190000,0.008121052631578944,Closest expert
2190000,0.006321052631578945,New customers
2190000,0.0071578947368421035,Closest expert
2190000,0.01152105263157895,New customers
2190000,0.010626315789473687,Closest expert
2190000,0.008105263157894739,New customers
2190000,0.007542105263157896,Closest expert
2190000,0.007789473684210528,New customers
2190000,0.010378947368421055,Closest expert
2190000,0.006321052631578944,New customers
2190000,0.0063368421052631555,Closest expert
2190000,0.006599999999999998,New customers
2190000,0.00791052631578947,Closest expert
2190000,0.0040999999999999995,New customers
2190000,0.004710526315789472,Closest expert
2190000,0.005515789473684212,New customers
2190000,0.006036842105263161,Closest expert
2190000,0.004347368421052631,New customers
2190000,0.004757894736842104,Closest expert
2190000,0.004794736842105262,New customers
2190000,0.005952631578947367,Closest expert
2190000,0.00807368421052632,New customers
2190000,0.00887368421052632,Closest expert
2190000,0.008984210526315792,New customers
2190000,0.007689473684210528,Closest expert
2190000,0.007510526315789477,New customers
2190000,0.00840526315789474,Closest expert
2190000,0.005805263157894735,New customers
2190000,0.004899999999999999,Closest expert
2190000,0.0037578947368421033,New customers
2190000,0.005452631578947367,Closest expert
2190000,0.0055,New customers
2190000,0.006389473684210524,Closest expert
2190000,0.011152631578947369,New customers
2190000,0.009989473684210529,Closest expert
2190000,0.005721052631578944,New customers
2190000,0.0065421052631578925,Closest expert
2190000,0.006778947368421054,New customers
2190000,0.006826315789473688,Closest expert
2190000,0.008615789473684212,New customers
2190000,0.009094736842105268,Closest expert
2190000,0.007642105263157896,New customers
2190000,0.008300000000000004,Closest expert
2190000,0.005810526315789473,New customers
2190000,0.007526315789473681,Closest expert
2190000,0.006063157894736844,New customers
2190000,0.007363157894736845,Closest expert
2190000,0.006963157894736843,New customers
2190000,0.007805263157894739,Closest expert
2190000,0.006499999999999997,New customers
2190000,0.007499999999999996,Closest expert
2190000,0.006426315789473685,New customers
2190000,0.0066473684210526345,Closest expert
2190000,0.0071631578947368435,New customers
2190000,0.006184210526315793,Closest expert
2190000,0.006410526315789473,New customers
2190000,0.00717894736842105,Closest expert
2190000,0.00628421052631579,New customers
2190000,0.007326315789473686,Closest expert
2190000,0.006073684210526319,New customers
2190000,0.006600000000000003,Closest expert
2190000,0.003652631578947371,New customers
2190000,0.0034789473684210524,Closest expert
2190000,0.0057894736842105275,New customers
2190000,0.006278947368421051,Closest expert
2190000,0.0062263157894736805,New customers
2190000,0.00544736842105263,Closest expert
2190000,0.005851578947368418,Average expert
3285000,0.009005263157894735,Experts
3285000,0.00840526315789474,Experts
3285000,0.00900526315789474,Experts
3285000,0.0035421052631578933,Experts
3285000,0.006447368421052634,Experts
3285000,0.004226315789473687,Experts
3285000,0.0034684210526315785,Experts
3285000,0.006763157894736838,Experts
3285000,0.0037263157894736865,Experts
3285000,0.0035210526315789486,Experts
3285000,0.0025157894736842134,New customers
3285000,0.0036421052631578975,Closest expert
3285000,0.01156842105263158,New customers
3285000,0.009610526315789474,Closest expert
3285000,0.008899999999999998,New customers
3285000,0.008015789473684212,Closest expert
3285000,0.006147368421052632,New customers
3285000,0.006136842105263159,Closest expert
3285000,0.0028736842105263178,New customers
3285000,0.0033210526315789494,Closest expert
3285000,0.003184210526315789,New customers
3285000,0.0038894736842105264,Closest expert
3285000,0.006126315789473687,New customers
3285000,0.006478947368421055,Closest expert
3285000,0.01085263157894737,New customers
3285000,0.009500000000000001,Closest expert
3285000,0.006321052631578945,New customers
3285000,0.0073578947368421015,Closest expert
3285000,0.007478947368421054,New customers
3285000,0.0069842105263157915,Closest expert
3285000,0.0062631578947368455,New customers
3285000,0.004447368421052634,Closest expert
3285000,0.005557894736842104,New customers
3285000,0.00729473684210526,Closest expert
3285000,0.007163157894736843,New customers
3285000,0.007747368421052633,Closest expert
3285000,0.004189473684210524,New customers
3285000,0.006847368421052629,Closest expert
3285000,0.006078947368421054,New customers
3285000,0.003963157894736844,Closest expert
3285000,0.008984210526315786,New customers
3285000,0.00933157894736842,Closest expert
3285000,0.0062263157894736805,New customers
3285000,0.007078947368421049,Closest expert
3285000,0.006552631578947369,New customers
3285000,0.006631578947368422,Closest expert
3285000,0.004100000000000001,New customers
3285000,0.003221052631578949,Closest expert
3285000,0.002931578947368422,New customers
3285000,0.002573684210526317,Closest expert
3285000,0.0011789473684210528,New customers
3285000,0.003652631578947371,Closest expert
3285000,0.007594736842105264,New customers
3285000,0.006952631578947372,Closest expert
3285000,0.0039421052631578935,New customers
3285000,0.007036842105263156,Closest expert
3285000,0.00803684210526316,New customers
3285000,0.008105263157894739,Closest expert
3285000,0.0032631578947368393,New customers
3285000,0.003768421052631579,Closest expert
3285000,0.00703684210526316,New customers
3285000,0.008105263157894739,Closest expert
3285000,0.006478947368421054,New customers
3285000,0.0059947368421052645,Closest expert
3285000,0.0031368421052631605,New customers
3285000,0.003984210526315793,Closest expert
3285000,0.005757894736842106,New customers
3285000,0.004478947368421052,Closest expert
3285000,0.002652631578947372,New customers
3285000,0.003421052631578951,Closest expert
3285000,0.008494736842105265,New customers
3285000,0.00776842105263158,Closest expert
3285000,0.004926315789473686,New customers
3285000,0.005926315789473686,Closest expert
3285000,0.007100000000000004,New customers
3285000,0.00658947368421053,Closest expert
3285000,0.006257894736842108,New customers
3285000,0.005068421052631582,Closest expert
3285000,0.0052368421052631595,New customers
3285000,0.005726315789473686,Closest expert
3285000,0.0054210526315789445,New customers
3285000,0.0038789473684210526,Closest expert
3285000,0.0016947368421052636,New customers
3285000,0.0031736842105263173,Closest expert
3285000,0.00340526315789474,New customers
3285000,0.0041789473684210555,Closest expert
3285000,0.005173684210526314,New customers
3285000,0.0064789473684210485,Closest expert
3285000,0.0025368421052631572,New customers
3285000,0.0031157894736842115,Closest expert
3285000,0.002357894736842108,New customers
3285000,0.003315789473684213,Closest expert
3285000,0.005689473684210524,New customers
3285000,0.007752631578947365,Closest expert
3285000,0.004310526315789471,New customers
3285000,0.0048,Closest expert
3285000,0.0056789473684210525,New customers
3285000,0.003757894736842106,Closest expert
3285000,0.005157894736842104,New customers
3285000,0.006642105263157892,Closest expert
3285000,0.0014526315789473692,New customers
3285000,0.0035684210526315797,Closest expert
3285000,0.003684210526315789,New customers
3285000,0.0036578947368421048,Closest expert
3285000,0.0111,New customers
3285000,0.00898421052631579,Closest expert
3285000,0.0018315789473684206,New customers
3285000,0.006252631578947371,Closest expert
3285000,0.007042105263157895,New customers
3285000,0.006357894736842106,Closest expert
3285000,0.004337368421052629,Average expert
4380000,0.011589473684210521,Experts
4380000,0.00894736842105263,Experts
4380000,0.008736842105263157,Experts
4380000,0.006615789473684207,Experts
4380000,0.0077368421052631565,Experts
4380000,0.0021578947368421047,Experts
4380000,0.00612631578947368,Experts
4380000,0.010405263157894733,Experts
4380000,0.004263157894736839,Experts
4380000,0.006099999999999998,Experts
4380000,0.0037578947368421037,New customers
4380000,0.004189473684210524,Closest expert
4380000,0.010536842105263159,New customers
4380000,0.008631578947368419,Closest expert
4380000,0.011305263157894731,New customers
4380000,0.010152631578947366,Closest expert
4380000,0.007968421052631574,New customers
4380000,0.007952631578947366,Closest expert
4380000,0.0045578947368421045,New customers
4380000,0.0042052631578947345,Closest expert
4380000,0.006410526315789471,New customers
4380000,0.00671052631578947,Closest expert
4380000,0.007584210526315788,New customers
4380000,0.007826315789473683,Closest expert
4380000,0.009905263157894736,New customers
4380000,0.008552631578947367,Closest expert
4380000,0.009110526315789468,New customers
4380000,0.01061052631578947,Closest expert
4380000,0.008184210526315789,New customers
4380000,0.0077736842105263155,Closest expert
4380000,0.00311578947368421,New customers
4380000,0.0024578947368421047,Closest expert
4380000,0.009763157894736842,New customers
4380000,0.010699999999999998,Closest expert
4380000,0.008936842105263156,New customers
4380000,0.009521052631578944,Closest expert
4380000,0.00714736842105263,New customers
4380000,0.010931578947368417,Closest expert
4380000,0.0038631578947368427,New customers
4380000,0.0016684210526315794,Closest expert
4380000,0.01121052631578947,New customers
4380000,0.011194736842105259,Closest expert
4380000,0.008289473684210524,New customers
4380000,0.009831578947368419,Closest expert
4380000,0.007852631578947366,New customers
4380000,0.008010526315789471,Closest expert
4380000,0.0008210526315789478,New customers
4380000,0.0018842105263157894,Closest expert
4380000,0.005668421052631576,New customers
4380000,0.005784210526315787,Closest expert
4380000,0.0030263157894736825,New customers
4380000,0.0032894736842105266,Closest expert
4380000,0.008889473684210523,New customers
4380000,0.008257894736842103,Closest expert
4380000,0.007599999999999999,New customers
4380000,0.01059473684210526,Closest expert
4380000,0.009363157894736842,New customers
4380000,0.009636842105263155,Closest expert
4380000,0.007315789473684208,New customers
4380000,0.006473684210526312,Closest expert
4380000,0.008184210526315789,New customers
4380000,0.008978947368421052,Closest expert
4380000,0.008736842105263156,New customers
4380000,0.008142105263157891,Closest expert
4380000,0.002889473684210525,New customers
4380000,0.004352631578947367,Closest expert
4380000,0.007315789473684206,New customers
4380000,0.006805263157894733,Closest expert
4380000,0.00391052631578947,New customers
4380000,0.0043736842105263135,Closest expert
4380000,0.009757894736842103,New customers
4380000,0.00927894736842105,Closest expert
4380000,0.006842105263157892,New customers
4380000,0.007705263157894735,Closest expert
4380000,0.008489473684210526,New customers
4380000,0.00797894736842105,Closest expert
4380000,0.002084210526315791,New customers
4380000,0.0028210526315789464,Closest expert
4380000,0.0073736842105263135,New customers
4380000,0.007863157894736841,Closest expert
4380000,0.009042105263157891,New customers
4380000,0.006626315789473681,Closest expert
4380000,0.0033894736842105247,New customers
4380000,0.004452631578947366,Closest expert
4380000,0.00376315789473684,New customers
4380000,0.003999999999999997,Closest expert
4380000,0.009573684210526316,New customers
4380000,0.011068421052631575,Closest expert
4380000,0.006257894736842102,New customers
4380000,0.005942105263157892,Closest expert
4380000,0.005189473684210524,New customers
4380000,0.006436842105263154,Closest expert
4380000,0.009726315789473682,New customers
4380000,0.01129473684210526,Closest expert
4380000,0.006457894736842103,New customers
4380000,0.005942105263157892,Closest expert
4380000,0.007584210526315785,New customers
4380000,0.006099999999999997,Closest expert
4380000,0.00895263157894737,New customers
4380000,0.009973684210526315,Closest expert
4380000,0.004405263157894736,New customers
4380000,0.00607894736842105,Closest expert
4380000,0.00697894736842105,New customers
4380000,0.006521052631578943,Closest expert
4380000,0.0107,New customers
4380000,0.008742105263157893,Closest expert
4380000,0.005352631578947369,New customers
4380000,0.008136842105263158,Closest expert
4380000,0.008599999999999998,New customers
4380000,0.008236842105263155,Closest expert
4380000,0.00815894736842105,Average expert
5475000,0.0052789473684210515,Experts
5475000,0.0033157894736842108,Experts
5475000,0.0021,Experts
5475000,0.0063421052631578954,Experts
5475000,0.004505263157894736,Experts
5475000,0.010415789473684212,Experts
5475000,0.0063684210526315805,Experts
5475000,0.006594736842105262,Experts
5475000,0.009115789473684213,Experts
5475000,0.007542105263157895,Experts
5475000,0.00753157894736842,New customers
5475000,0.0082,Closest expert
5475000,0.0028578947368421053,New customers
5475000,0.0015947368421052634,Closest expert
5475000,0.004326315789473683,New customers
5475000,0.0026105263157894746,Closest expert
5475000,0.004805263157894736,New customers
5475000,0.005057894736842105,Closest expert
5475000,0.008463157894736843,New customers
5475000,0.009089473684210527,Closest expert
5475000,0.0057421052631578965,New customers
5475000,0.00623684210526316,Closest expert
5475000,0.004168421052631577,New customers
5475000,0.004721052631578945,Closest expert
5475000,0.0018684210526315793,New customers
5475000,0.0018052631578947364,Closest expert
5475000,0.005252631578947368,New customers
5475000,0.0054473684210526304,Closest expert
5475000,0.004526315789473682,New customers
5475000,0.004684210526315787,Closest expert
5475000,0.012442105263157897,New customers
5475000,0.010710526315789476,Closest expert
5475000,0.005505263157894738,New customers
5475000,0.005805263157894736,Closest expert
5475000,0.0016842105263157898,New customers
5475000,0.0024947368421052636,Closest expert
5475000,0.005252631578947368,New customers
5475000,0.005789473684210525,Closest expert
5475000,0.013094736842105267,New customers
5475000,0.011205263157894739,Closest expert
5475000,0.0059526315789473665,New customers
5475000,0.004715789473684208,Closest expert
5475000,0.0061315789473684185,New customers
5475000,0.005794736842105261,Closest expert
5475000,0.0038315789473684194,New customers
5475000,0.004536842105263157,Closest expert
5475000,0.0114,New customers
5475000,0.010505263157894738,Closest expert
5475000,0.006442105263157896,New customers
5475000,0.0058000000000000005,Closest expert
5475000,0.00841578947368421,New customers
5475000,0.011005263157894737,Closest expert
5475000,0.004178947368421051,New customers
5475000,0.004247368421052632,Closest expert
5475000,0.005378947368421054,New customers
5475000,0.0054,Closest expert
5475000,0.0019210526315789483,New customers
5475000,0.002615789473684211,Closest expert
5475000,0.0052842105263157906,New customers
5475000,0.006915789473684212,Closest expert
5475000,0.0014736842105263152,New customers
5475000,0.0025105263157894743,Closest expert
5475000,0.003078947368421051,New customers
5475000,0.004710526315789472,Closest expert
5475000,0.008400000000000001,New customers
5475000,0.008815789473684214,Closest expert
5475000,0.007636842105263161,New customers
5475000,0.0064894736842105285,Closest expert
5475000,0.008210526315789475,New customers
5475000,0.008989473684210528,Closest expert
5475000,0.003615789473684211,New customers
5475000,0.002715789473684211,Closest expert
5475000,0.0034473684210526313,New customers
5475000,0.004526315789473683,Closest expert
5475000,0.003794736842105262,New customers
5475000,0.004984210526315789,Closest expert
5475000,0.01105263157894737,New customers
5475000,0.00988421052631579,Closest expert
5475000,0.004494736842105262,New customers
5475000,0.0049526315789473665,Closest expert
5475000,0.0033105263157894764,New customers
5475000,0.0063105263157894765,Closest expert
5475000,0.008557894736842105,New customers
5475000,0.00902105263157895,Closest expert
5475000,0.00888421052631579,New customers
5475000,0.009542105263157897,Closest expert
5475000,0.004847368421052632,New customers
5475000,0.006031578947368419,Closest expert
5475000,0.005800000000000001,New customers
5475000,0.0069842105263157915,Closest expert
5475000,0.007789473684210527,New customers
5475000,0.007142105263157897,Closest expert
5475000,0.004463157894736843,New customers
5475000,0.005326315789473683,Closest expert
5475000,0.005347368421052633,New customers
5475000,0.0064526315789473696,Closest expert
5475000,0.006136842105263162,New customers
5475000,0.0067894736842105275,Closest expert
5475000,0.00476842105263158,New customers
5475000,0.005263157894736841,Closest expert
5475000,0.007042105263157893,New customers
5475000,0.006815789473684211,Closest expert
5475000,0.004915789473684212,New customers
5475000,0.0061526315789473705,Closest expert
5475000,0.0024473684210526317,New customers
5475000,0.002005263157894736,Closest expert
5475000,0.006868421052631582,New customers
5475000,0.004589473684210525,Closest expert
5475000,0.005473684210526314,New customers
5475000,0.005226315789473683,Closest expert
5475000,0.004018421052631579,Average expert
6570000,0.004836842105263156,Experts
6570000,0.003121052631578948,Experts
6570000,0.002373684210526315,Experts
6570000,0.006684210526315792,Experts
6570000,0.005126315789473682,Experts
6570000,0.010357894736842106,Experts
6570000,0.0071736842105263165,Experts
6570000,0.005173684210526315,Experts
6570000,0.008947368421052631,Experts
6570000,0.007263157894736845,Experts
6570000,0.008347368421052633,New customers
6570000,0.009147368421052633,Closest expert
6570000,0.0031315789473684227,New customers
6570000,0.002647368421052632,Closest expert
6570000,0.004610526315789474,New customers
6570000,0.003005263157894738,Closest expert
6570000,0.003905263157894736,New customers
6570000,0.0038368421052631576,Closest expert
6570000,0.007810526315789474,New customers
6570000,0.008410526315789476,Closest expert
6570000,0.006684210526315792,New customers
6570000,0.007231578947368423,Closest expert
6570000,0.003489473684210526,New customers
6570000,0.004105263157894736,Closest expert
6570000,0.0017842105263157896,New customers
6570000,0.0017736842105263153,Closest expert
6570000,0.0055473684210526324,New customers
6570000,0.0056,Closest expert
6570000,0.005136842105263156,New customers
6570000,0.00517894736842105,Closest expert
6570000,0.01266842105263158,New customers
6570000,0.010921052631578948,Closest expert
6570000,0.004442105263157896,New customers
6570000,0.005489473684210525,Closest expert
6570000,0.0017315789473684208,New customers
6570000,0.002368421052631579,Closest expert
6570000,0.004489473684210527,New customers
6570000,0.005489473684210525,Closest expert
6570000,0.012594736842105264,New customers
6570000,0.010547368421052632,Closest expert
6570000,0.0068578947368421045,New customers
6570000,0.006063157894736841,Closest expert
6570000,0.0058,New customers
6570000,0.005494736842105262,Closest expert
6570000,0.0034368421052631565,New customers
6570000,0.004278947368421052,Closest expert
6570000,0.011752631578947369,New customers
6570000,0.010857894736842108,Closest expert
6570000,0.0073578947368421075,New customers
6570000,0.006721052631578948,Closest expert
6570000,0.008331578947368419,New customers
6570000,0.01092105263157895,Closest expert
6570000,0.004315789473684208,New customers
6570000,0.004073684210526314,Closest expert
6570000,0.005426315789473685,New customers
6570000,0.00551578947368421,Closest expert
6570000,0.002326315789473685,New customers
6570000,0.0029578947368421055,Closest expert
6570000,0.0047052631578947375,New customers
6570000,0.006347368421052634,Closest expert
6570000,0.001878947368421052,New customers
6570000,0.0031578947368421056,Closest expert
6570000,0.003284210526315787,New customers
6570000,0.004789473684210526,Closest expert
6570000,0.008378947368421052,New customers
6570000,0.008800000000000002,Closest expert
6570000,0.008615789473684214,New customers
6570000,0.007542105263157897,Closest expert
6570000,0.007757894736842108,New customers
6570000,0.00853684210526316,Closest expert
6570000,0.0034368421052631596,New customers
6570000,0.002621052631578948,Closest expert
6570000,0.003142105263157895,New customers
6570000,0.004173684210526315,Closest expert
6570000,0.003478947368421051,New customers
6570000,0.00466315789473684,Closest expert
6570000,0.011510526315789475,New customers
6570000,0.010347368421052635,Closest expert
6570000,0.0045684210526315775,New customers
6570000,0.004994736842105262,Closest expert
6570000,0.002978947368421055,New customers
6570000,0.005878947368421055,Closest expert
6570000,0.007936842105263159,New customers
6570000,0.008300000000000002,Closest expert
6570000,0.00888421052631579,New customers
6570000,0.009542105263157897,Closest expert
6570000,0.004363157894736843,New customers
6570000,0.005468421052631577,Closest expert
6570000,0.00575263157894737,New customers
6570000,0.006931578947368422,Closest expert
6570000,0.0070052631578947375,New customers
6570000,0.006363157894736845,Closest expert
6570000,0.005052631578947371,New customers
6570000,0.0053526315789473675,Closest expert
6570000,0.00493684210526316,New customers
6570000,0.005957894736842108,Closest expert
6570000,0.006168421052631583,New customers
6570000,0.00682105263157895,Closest expert
6570000,0.004752631578947369,New customers
6570000,0.0056894736842105255,Closest expert
6570000,0.007368421052631579,New customers
6570000,0.007147368421052633,Closest expert
6570000,0.005631578947368424,New customers
6570000,0.0068052631578947404,Closest expert
6570000,0.002421052631578948,New customers
6570000,0.002173684210526315,Closest expert
6570000,0.00713684210526316,New customers
6570000,0.004089473684210526,Closest expert
6570000,0.005505263157894734,New customers
6570000,0.005273684210526314,Closest expert
6570000,0.0035373684210526315,Average expert
7665000,0.004331578947368421,Experts
7665000,0.002768421052631579,Experts
7665000,0.0020842105263157913,Experts
7665000,0.005826315789473686,Experts
7665000,0.004057894736842105,Experts
7665000,0.010031578947368423,Experts
7665000,0.006678947368421057,Experts
7665000,0.0035052631578947353,Experts
7665000,0.008542105263157898,Experts
7665000,0.005442105263157895,Experts
7665000,0.008505263157894738,New customers
7665000,0.009278947368421053,Closest expert
7665000,0.003773684210526316,New customers
7665000,0.0017736842105263166,Closest expert
7665000,0.004052631578947368,New customers
7665000,0.0030894736842105265,Closest expert
7665000,0.0032842105263157888,New customers
7665000,0.0032894736842105253,Closest expert
7665000,0.008573684210526317,New customers
7665000,0.009152631578947372,Closest expert
7665000,0.005252631578947368,New customers
7665000,0.0058368421052631585,Closest expert
7665000,0.003026315789473684,New customers
7665000,0.00341578947368421,Closest expert
7665000,0.0033684210526315796,New customers
7665000,0.002326315789473685,Closest expert
7665000,0.0038315789473684202,New customers
7665000,0.0037947368421052613,Closest expert
7665000,0.003526315789473683,New customers
7665000,0.0034263157894736836,Closest expert
7665000,0.01262105263157895,New customers
7665000,0.010889473684210527,Closest expert
7665000,0.0026947368421052645,New customers
7665000,0.0035368421052631572,Closest expert
7665000,0.002005263157894736,New customers
7665000,0.0033421052631578945,Closest expert
7665000,0.0029105263157894736,New customers
7665000,0.0035894736842105256,Closest expert
7665000,0.01283684210526316,New customers
7665000,0.010800000000000002,Closest expert
7665000,0.005231578947368419,New customers
7665000,0.004799999999999999,Closest expert
7665000,0.004384210526315789,New customers
7665000,0.003973684210526313,Closest expert
7665000,0.0029263157894736836,New customers
7665000,0.0032736842105263145,Closest expert
7665000,0.010657894736842108,New customers
7665000,0.009778947368421054,Closest expert
7665000,0.005273684210526318,New customers
7665000,0.004631578947368422,Closest expert
7665000,0.0074473684210526305,New customers
7665000,0.009989473684210527,Closest expert
7665000,0.0042526315789473655,New customers
7665000,0.0035842105263157887,Closest expert
7665000,0.003168421052631579,New customers
7665000,0.004136842105263156,Closest expert
7665000,0.00268421052631579,New customers
7665000,0.0029789473684210524,Closest expert
7665000,0.0044789473684210546,New customers
7665000,0.006247368421052633,Closest expert
7665000,0.0011105263157894737,New customers
7665000,0.0027736842105263167,Closest expert
7665000,0.0023315789473684198,New customers
7665000,0.0033052631578947365,Closest expert
7665000,0.007957894736842108,New customers
7665000,0.00842105263157895,Closest expert
7665000,0.007631578947368424,New customers
7665000,0.006489473684210529,Closest expert
7665000,0.008184210526315792,New customers
7665000,0.008963157894736846,Closest expert
7665000,0.003963157894736843,New customers
7665000,0.0032947368421052635,Closest expert
7665000,0.002915789473684211,New customers
7665000,0.003857894736842104,Closest expert
7665000,0.003336842105263157,New customers
7665000,0.004057894736842102,Closest expert
7665000,0.012273684210526317,New customers
7665000,0.011110526315789477,Closest expert
7665000,0.004252631578947367,New customers
7665000,0.004621052631578946,Closest expert
7665000,0.0033473684210526345,New customers
7665000,0.006131578947368423,Closest expert
7665000,0.008773684210526317,New customers
7665000,0.009084210526315794,Closest expert
7665000,0.00807368421052632,New customers
7665000,0.008763157894736846,Closest expert
7665000,0.0017421052631578955,New customers
7665000,0.00354736842105263,Closest expert
7665000,0.0043315789473684215,New customers
7665000,0.005473684210526316,Closest expert
7665000,0.006136842105263159,New customers
7665000,0.005373684210526318,Closest expert
7665000,0.002431578947368421,New customers
7665000,0.003721052631578945,Closest expert
7665000,0.004784210526315791,New customers
7665000,0.005836842105263161,Closest expert
7665000,0.006000000000000004,New customers
7665000,0.006552631578947371,Closest expert
7665000,0.0029368421052631596,New customers
7665000,0.004057894736842104,Closest expert
7665000,0.005347368421052631,New customers
7665000,0.005026315789473686,Closest expert
7665000,0.004131578947368424,New customers
7665000,0.005457894736842107,Closest expert
7665000,0.003178947368421053,New customers
7665000,0.002426315789473684,Closest expert
7665000,0.006005263157894741,New customers
7665000,0.003784210526315789,Closest expert
7665000,0.004336842105263156,New customers
7665000,0.0036578947368421048,Closest expert
7665000,0.0018494736842105252,Average expert
8760000,0.009078947368421048,Experts
8760000,0.00891578947368421,Experts
8760000,0.00946842105263158,Experts
8760000,0.004815789473684208,Experts
8760000,0.006136842105263161,Experts
8760000,0.0015526315789473704,Experts
8760000,0.004373684210526314,Experts
8760000,0.008321052631578944,Experts
8760000,0.0026052631578947364,Experts
8760000,0.005521052631578946,Experts
8760000,0.0030052631578947353,New customers
8760000,0.0036157894736842085,Closest expert
8760000,0.011131578947368423,New customers
8760000,0.009173684210526317,Closest expert
8760000,0.007994736842105261,New customers
8760000,0.00791578947368421,Closest expert
8760000,0.005894736842105264,New customers
8760000,0.00585263157894737,Closest expert
8760000,0.002205263157894737,New customers
8760000,0.0024052631578947367,Closest expert
8760000,0.005473684210526313,New customers
8760000,0.005742105263157892,Closest expert
8760000,0.00523684210526316,New customers
8760000,0.005478947368421054,Closest expert
8760000,0.009826315789473686,New customers
8760000,0.008473684210526317,Closest expert
8760000,0.007136842105263157,New customers
8760000,0.008452631578947366,Closest expert
8760000,0.0064157894736842115,New customers
8760000,0.006010526315789475,Closest expert
8760000,0.0024631578947368437,New customers
8760000,0.0017368421052631588,Closest expert
8760000,0.0071263157894736855,New customers
8760000,0.008052631578947367,Closest expert
8760000,0.00735263157894737,New customers
8760000,0.008121052631578947,Closest expert
8760000,0.004768421052631576,New customers
8760000,0.00856315789473684,Closest expert
8760000,0.003826315789473686,New customers
8760000,0.0015842105263157904,Closest expert
8760000,0.008436842105263154,New customers
8760000,0.008557894736842101,Closest expert
8760000,0.0073105263157894704,New customers
8760000,0.00889473684210526,Closest expert
8760000,0.005947368421052632,New customers
8760000,0.00606842105263158,Closest expert
8760000,0.0012684210526315797,New customers
8760000,0.0014947368421052629,Closest expert
8760000,0.00547894736842105,New customers
8760000,0.005615789473684209,Closest expert
8760000,0.0015894736842105273,New customers
8760000,0.0012736842105263162,Closest expert
8760000,0.006389473684210528,New customers
8760000,0.005784210526315791,Closest expert
8760000,0.005821052631578948,New customers
8760000,0.008484210526315789,Closest expert
8760000,0.007973684210526317,New customers
8760000,0.008042105263157896,Closest expert
8760000,0.005863157894736841,New customers
8760000,0.005068421052631576,Closest expert
8760000,0.007473684210526316,New customers
8760000,0.008542105263157894,Closest expert
8760000,0.006126315789473685,New customers
8760000,0.005521052631578949,Closest expert
8760000,0.001047368421052632,New customers
8760000,0.0021684210526315786,Closest expert
8760000,0.004342105263157893,New customers
8760000,0.0038210526315789464,Closest expert
8760000,0.002810526315789472,New customers
8760000,0.0032999999999999982,Closest expert
8760000,0.009310526315789472,New customers
8760000,0.008694736842105262,Closest expert
8760000,0.005242105263157897,New customers
8760000,0.006242105263157898,Closest expert
8760000,0.005973684210526319,New customers
8760000,0.005484210526315792,Closest expert
8760000,0.002126315789473684,New customers
8760000,0.00126842105263158,Closest expert
8760000,0.00485263157894737,New customers
8760000,0.0053578947368421075,Closest expert
8760000,0.007694736842105261,New customers
8760000,0.005063157894736841,Closest expert
8760000,0.001810526315789474,New customers
8760000,0.003063157894736842,Closest expert
8760000,0.0026473684210526305,New customers
8760000,0.003226315789473683,Closest expert
8760000,0.006636842105263158,New customers
8760000,0.007994736842105263,Closest expert
8760000,0.006205263157894735,New customers
8760000,0.005252631578947367,Closest expert
8760000,0.004552631578947368,New customers
8760000,0.0057842105263157875,Closest expert
8760000,0.007452631578947369,New customers
8760000,0.008599999999999998,Closest expert
8760000,0.005842105263157893,New customers
8760000,0.005257894736842103,Closest expert
8760000,0.005657894736842101,New customers
8760000,0.004147368421052629,Closest expert
8760000,0.00783684210526316,New customers
8760000,0.008684210526315787,Closest expert
8760000,0.004652631578947368,New customers
8760000,0.005226315789473683,Closest expert
8760000,0.005657894736842103,New customers
8760000,0.005021052631578945,Closest expert
8760000,0.011494736842105262,New customers
8760000,0.009378947368421053,Closest expert
8760000,0.002273684210526317,New customers
8760000,0.0058000000000000005,Closest expert
8760000,0.006005263157894738,New customers
8760000,0.005878947368421055,Closest expert
8760000,0.006184210526315789,Average expert
9855000,0.006268421052631576,Experts
9855000,0.0034263157894736836,Experts
9855000,0.00454736842105263,Experts
9855000,0.007005263157894739,Experts
9855000,0.00761052631578947,Experts
9855000,0.010852631578947367,Experts
9855000,0.006563157894736844,Experts
9855000,0.0057263157894736835,Experts
9855000,0.009142105263157898,Experts
9855000,0.007273684210526316,Experts
9855000,0.008373684210526316,New customers
9855000,0.00915263157894737,Closest expert
9855000,0.0016789473684210524,New customers
9855000,0.0030000000000000005,Closest expert
9855000,0.005442105263157892,New customers
9855000,0.0035105263157894726,Closest expert
9855000,0.0068315789473684186,New customers
9855000,0.007194736842105261,Closest expert
9855000,0.008352631578947368,New customers
9855000,0.009021052631578949,Closest expert
9855000,0.0063789473684210535,New customers
9855000,0.0069105263157894755,Closest expert
9855000,0.006178947368421051,New customers
9855000,0.0069052631578947355,Closest expert
9855000,0.0022894736842105252,New customers
9855000,0.003384210526315789,Closest expert
9855000,0.006426315789473683,New customers
9855000,0.006452631578947366,Closest expert
9855000,0.006526315789473681,New customers
9855000,0.006689473684210524,Closest expert
9855000,0.012221052631578948,New customers
9855000,0.010489473684210528,Closest expert
9855000,0.005510526315789476,New customers
9855000,0.006363157894736842,Closest expert
9855000,0.0027789473684210527,New customers
9855000,0.0031578947368421048,Closest expert
9855000,0.0055,New customers
9855000,0.006036842105263156,Closest expert
9855000,0.012600000000000002,New customers
9855000,0.010626315789473685,Closest expert
9855000,0.00763157894736842,New customers
9855000,0.006399999999999998,Closest expert
9855000,0.006536842105263158,New customers
9855000,0.006152631578947368,Closest expert
9855000,0.0061684210526315765,New customers
9855000,0.006936842105263155,Closest expert
9855000,0.01215263157894737,New customers
9855000,0.011257894736842106,Closest expert
9855000,0.008289473684210529,New customers
9855000,0.007652631578947369,Closest expert
9855000,0.007521052631578947,New customers
9855000,0.010110526315789474,Closest expert
9855000,0.0062526315789473656,New customers
9855000,0.006368421052631577,Closest expert
9855000,0.006400000000000001,New customers
9855000,0.0066421052631578945,Closest expert
9855000,0.0029105263157894728,New customers
9855000,0.003547368421052631,Closest expert
9855000,0.005715789473684211,New customers
9855000,0.007384210526315791,Closest expert
9855000,0.0027947368421052613,New customers
9855000,0.0032421052631578942,Closest expert
9855000,0.005247368421052629,New customers
9855000,0.006705263157894735,Closest expert
9855000,0.008326315789473683,New customers
9855000,0.008747368421052634,Closest expert
9855000,0.007431578947368423,New customers
9855000,0.006431578947368422,Closest expert
9855000,0.008589473684210527,New customers
9855000,0.009368421052631581,Closest expert
9855000,0.00491578947368421,New customers
9855000,0.0037736842105263145,Closest expert
9855000,0.006042105263157894,New customers
9855000,0.007105263157894734,Closest expert
9855000,0.005552631578947366,New customers
9855000,0.00716315789473684,Closest expert
9855000,0.011826315789473685,New customers
9855000,0.010663157894736843,Closest expert
9855000,0.0060631578947368415,New customers
9855000,0.006478947368421051,Closest expert
9855000,0.002826315789473686,New customers
9855000,0.0056578947368421065,Closest expert
9855000,0.008289473684210525,New customers
9855000,0.00876842105263158,Closest expert
9855000,0.008121052631578947,New customers
9855000,0.008778947368421053,Closest expert
9855000,0.005368421052631581,New customers
9855000,0.006005263157894736,Closest expert
9855000,0.005494736842105263,New customers
9855000,0.0066789473684210525,Closest expert
9855000,0.007889473684210526,New customers
9855000,0.007231578947368423,Closest expert
9855000,0.005710526315789476,New customers
9855000,0.0062315789473684205,Closest expert
9855000,0.0055,New customers
9855000,0.006531578947368422,Closest expert
9855000,0.005300000000000003,New customers
9855000,0.0059000000000000025,Closest expert
9855000,0.006173684210526317,New customers
9855000,0.006105263157894737,Closest expert
9855000,0.007621052631578947,New customers
9855000,0.007394736842105265,Closest expert
9855000,0.005578947368421055,New customers
9855000,0.006721052631578949,Closest expert
9855000,0.0010736842105263163,New customers
9855000,0.003057894736842105,Closest expert
9855000,0.009442105263157897,New customers
9855000,0.006936842105263156,Closest expert
9855000,0.006652631578947367,New customers
9855000,0.0064578947368421034,Closest expert
9855000,0.00496842105263158,Average expert
10950000,0.006163157894736843,Experts
10950000,0.008047368421052633,Experts
10950000,0.005184210526315789,Experts
10950000,0.0026631578947368412,Experts
10950000,0.0030000000000000027,Experts
10950000,0.004710526315789475,Experts
10950000,0.001742105263157895,Experts
10950000,0.005021052631578946,Experts
10950000,0.0036842105263157903,Experts
10950000,0.002089473684210526,Experts
10950000,0.0026210526315789493,New customers
10950000,0.00322105263157895,Closest expert
10950000,0.006421052631578945,New customers
10950000,0.004463157894736842,Closest expert
10950000,0.006910526315789475,New customers
10950000,0.007815789473684212,Closest expert
10950000,0.0028789473684210543,New customers
10950000,0.0026947368421052654,Closest expert
10950000,0.003063157894736843,New customers
10950000,0.0034789473684210545,Closest expert
10950000,0.0021421052631578935,New customers
10950000,0.0027578947368421046,Closest expert
10950000,0.0028421052631578962,New customers
10950000,0.002689473684210528,Closest expert
10950000,0.006494736842105262,New customers
10950000,0.005142105263157894,Closest expert
10950000,0.003731578947368419,New customers
10950000,0.004726315789473682,Closest expert
10950000,0.0027421052631578964,New customers
10950000,0.002173684210526318,Closest expert
10950000,0.005447368421052634,New customers
10950000,0.0036368421052631592,Closest expert
10950000,0.004157894736842106,New customers
10950000,0.005142105263157893,Closest expert
10950000,0.006047368421052633,New customers
10950000,0.0072368421052631604,Closest expert
10950000,0.0018210526315789476,New customers
10950000,0.004799999999999998,Closest expert
10950000,0.006457894736842108,New customers
10950000,0.004263157894736844,Closest expert
10950000,0.0068578947368421045,New customers
10950000,0.007247368421052633,Closest expert
10950000,0.003405263157894735,New customers
10950000,0.004926315789473683,Closest expert
10950000,0.0029368421052631583,New customers
10950000,0.002389473684210528,Closest expert
10950000,0.004978947368421052,New customers
10950000,0.004084210526315789,Closest expert
10950000,0.0020421052631578937,New customers
10950000,0.0022157894736842105,Closest expert
10950000,0.0023736842105263143,New customers
10950000,0.0038947368421052633,Closest expert
10950000,0.0029473684210526326,New customers
10950000,0.0023315789473684232,Closest expert
10950000,0.001357894736842106,New customers
10950000,0.004294736842105263,Closest expert
10950000,0.007052631578947369,New customers
10950000,0.007310526315789474,Closest expert
10950000,0.0033894736842105247,New customers
10950000,0.003236842105263156,Closest expert
10950000,0.005594736842105264,New customers
10950000,0.006984210526315791,Closest expert
10950000,0.003921052631578949,New customers
10950000,0.0023631578947368444,Closest expert
10950000,0.003,New customers
10950000,0.003494736842105265,Closest expert
10950000,0.0028578947368421074,New customers
10950000,0.001663157894736843,Closest expert
10950000,0.003231578947368422,New customers
10950000,0.003978947368421055,Closest expert
10950000,0.00865263157894737,New customers
10950000,0.007926315789473686,Closest expert
10950000,0.002147368421052632,New customers
10950000,0.0029000000000000024,Closest expert
10950000,0.004631578947368423,New customers
10950000,0.003157894736842107,Closest expert
10950000,0.006152631578947368,New customers
10950000,0.004752631578947369,Closest expert
10950000,0.002378947368421055,New customers
10950000,0.003010526315789476,Closest expert
10950000,0.004315789473684209,New customers
10950000,0.0017473684210526305,Closest expert
10950000,0.003273684210526316,New customers
10950000,0.0034157894736842123,Closest expert
10950000,0.0035315789473684234,New customers
10950000,0.004278947368421055,Closest expert
10950000,0.004294736842105264,New customers
10950000,0.005321052631578947,Closest expert
10950000,0.0035368421052631577,New customers
10950000,0.0024368421052631574,Closest expert
10950000,0.0014052631578947376,New customers
10950000,0.001615789473684211,Closest expert
10950000,0.0032736842105263154,New customers
10950000,0.004626315789473682,Closest expert
10950000,0.002926315789473684,New customers
10950000,0.00223157894736842,Closest expert
10950000,0.004147368421052633,New customers
10950000,0.002426315789473686,Closest expert
10950000,0.003121052631578947,New customers
10950000,0.0047947368421052605,Closest expert
10950000,0.0011842105263157904,New customers
10950000,0.0016526315789473678,Closest expert
10950000,0.0023736842105263143,New customers
10950000,0.0018947368421052616,Closest expert
10950000,0.006994736842105262,New customers
10950000,0.004878947368421052,Closest expert
10950000,0.0024105263157894754,New customers
10950000,0.0028684210526315817,Closest expert
10950000,0.004126315789473686,New customers
10950000,0.003194736842105266,Closest expert
10950000,0.0024657894736842094,Average expert
12045000,0.0046052631578947355,Experts
12045000,0.0034789473684210524,Experts
12045000,0.0016421052631578953,Experts
12045000,0.004768421052631581,Experts
12045000,0.00473157894736842,Experts
12045000,0.01014736842105263,Experts
12045000,0.00670526315789474,Experts
12045000,0.0037631578947368407,Experts
12045000,0.008284210526315793,Experts
12045000,0.005026315789473686,Experts
12045000,0.00888421052631579,New customers
12045000,0.009689473684210529,Closest expert
12045000,0.0019210526315789477,New customers
12045000,0.0012210526315789476,Closest expert
12045000,0.004484210526315789,New customers
12045000,0.0028315789473684215,Closest expert
12045000,0.00487894736842105,New customers
12045000,0.004931578947368419,Closest expert
12045000,0.00763684210526316,New customers
12045000,0.008273684210526318,Closest expert
12045000,0.0038684210526315804,New customers
12045000,0.00445263157894737,Closest expert
12045000,0.004257894736842104,New customers
12045000,0.005021052631578946,Closest expert
12045000,0.0019157894736842103,New customers
12045000,0.0018842105263157886,Closest expert
12045000,0.00373157894736842,New customers
12045000,0.00356315789473684,Closest expert
12045000,0.004742105263157894,New customers
12045000,0.00461578947368421,Closest expert
12045000,0.012252631578947371,New customers
12045000,0.010521052631578948,Closest expert
12045000,0.001921052631578948,New customers
12045000,0.0027052631578947358,Closest expert
12045000,0.001405263157894737,New customers
12045000,0.00246842105263158,Closest expert
12045000,0.003157894736842106,New customers
12045000,0.003405263157894736,Closest expert
12045000,0.011310526315789476,New customers
12045000,0.009294736842105264,Closest expert
12045000,0.005752631578947367,New customers
12045000,0.005394736842105263,Closest expert
12045000,0.003942105263157894,New customers
12045000,0.0034263157894736827,Closest expert
12045000,0.0032947368421052626,New customers
12045000,0.0038684210526315783,Closest expert
12045000,0.01043684210526316,New customers
12045000,0.009542105263157895,Closest expert
12045000,0.005415789473684212,New customers
12045000,0.004794736842105265,Closest expert
12045000,0.008052631578947367,New customers
12045000,0.010410526315789476,Closest expert
12045000,0.004842105263157892,New customers
12045000,0.004636842105263157,Closest expert
12045000,0.002021052631578948,New customers
12045000,0.0032421052631578942,Closest expert
12045000,0.002163157894736843,New customers
12045000,0.0028789473684210534,Closest expert
12045000,0.0031157894736842124,New customers
12045000,0.004894736842105266,Closest expert
12045000,0.0014526315789473684,New customers
12045000,0.003031578947368422,Closest expert
12045000,0.0023789473684210517,New customers
12045000,0.003899999999999999,Closest expert
12045000,0.008384210526315791,New customers
12045000,0.00880526315789474,Closest expert
12045000,0.007194736842105268,New customers
12045000,0.006052631578947372,Closest expert
12045000,0.007773684210526318,New customers
12045000,0.008536842105263162,Closest expert
12045000,0.003600000000000001,New customers
12045000,0.002778947368421054,Closest expert
12045000,0.0036315789473684206,New customers
12045000,0.004742105263157893,Closest expert
12045000,0.0035684210526315784,New customers
12045000,0.004821052631578946,Closest expert
12045000,0.01091578947368421,New customers
12045000,0.009678947368421054,Closest expert
12045000,0.004647368421052631,New customers
12045000,0.005094736842105262,Closest expert
12045000,0.0020105263157894756,New customers
12045000,0.004421052631578949,Closest expert
12045000,0.008415789473684212,New customers
12045000,0.008778947368421056,Closest expert
12045000,0.008410526315789476,New customers
12045000,0.009068421052631582,Closest expert
12045000,0.0018578947368421053,New customers
12045000,0.003815789473684208,Closest expert
12045000,0.0037105263157894744,New customers
12045000,0.004305263157894738,Closest expert
12045000,0.00536842105263158,New customers
12045000,0.004689473684210529,Closest expert
12045000,0.0023684210526315795,New customers
12045000,0.0031315789473684197,Closest expert
12045000,0.00386842105263158,New customers
12045000,0.005042105263157896,Closest expert
12045000,0.005668421052631583,New customers
12045000,0.006168421052631581,Closest expert
12045000,0.0023578947368421053,New customers
12045000,0.00346315789473684,Closest expert
12045000,0.0048000000000000004,New customers
12045000,0.004573684210526318,Closest expert
12045000,0.002794736842105264,New customers
12045000,0.004094736842105264,Closest expert
12045000,0.002505263157894737,New customers
12045000,0.0015210526315789469,Closest expert
12045000,0.006526315789473687,New customers
12045000,0.004221052631578947,Closest expert
12045000,0.005247368421052629,New customers
12045000,0.004794736842105261,Closest expert
12045000,0.0018578947368421042,Average expert
13140000,0.00520526315789474,Experts
13140000,0.0042210526315789474,Experts
13140000,0.0030052631578947366,Experts
13140000,0.0017052631578947375,Experts
13140000,0.0024999999999999988,Experts
13140000,0.006926315789473685,Experts
13140000,0.0043210526315789494,Experts
13140000,0.0030105263157894748,Experts
13140000,0.005642105263157897,Experts
13140000,0.0019842105263157914,Experts
13140000,0.005015789473684211,New customers
13140000,0.005663157894736844,Closest expert
13140000,0.0041368421052631575,New customers
13140000,0.00208421052631579,Closest expert
13140000,0.004236842105263158,New customers
13140000,0.004889473684210527,Closest expert
13140000,0.0036894736842105246,New customers
13140000,0.003584210526315788,Closest expert
13140000,0.00520526315789474,New customers
13140000,0.005763157894736846,Closest expert
13140000,0.0012947368421052634,New customers
13140000,0.0018526315789473692,Closest expert
13140000,0.0025263157894736842,New customers
13140000,0.0024684210526315785,Closest expert
13140000,0.003947368421052633,New customers
13140000,0.00258421052631579,Closest expert
13140000,0.0030736842105263174,New customers
13140000,0.003500000000000001,Closest expert
13140000,0.0029947368421052627,New customers
13140000,0.00251578947368421,Closest expert
13140000,0.009294736842105265,New customers
13140000,0.007647368421052632,Closest expert
13140000,0.0012789473684210535,New customers
13140000,0.003405263157894737,Closest expert
13140000,0.0030368421052631585,New customers
13140000,0.004357894736842106,Closest expert
13140000,0.0023684210526315817,New customers
13140000,0.0041157894736842116,Closest expert
13140000,0.00816842105263158,New customers
13140000,0.006526315789473686,Closest expert
13140000,0.005194736842105265,New customers
13140000,0.005163157894736844,Closest expert
13140000,0.0030157894736842113,New customers
13140000,0.0028000000000000004,Closest expert
13140000,0.002510526315789473,New customers
13140000,0.002863157894736841,Closest expert
13140000,0.008273684210526317,New customers
13140000,0.007347368421052634,Closest expert
13140000,0.001989473684210528,New customers
13140000,0.0014210526315789486,Closest expert
13140000,0.004936842105263156,New customers
13140000,0.007294736842105264,Closest expert
13140000,0.003294736842105262,New customers
13140000,0.0027157894736842105,Closest expert
13140000,0.0015578947368421064,New customers
13140000,0.0033894736842105277,Closest expert
13140000,0.003636842105263158,New customers
13140000,0.003978947368421053,Closest expert
13140000,0.0012473684210526313,New customers
13140000,0.0016210526315789486,Closest expert
13140000,0.001868421052631579,New customers
13140000,0.0034105263157894732,Closest expert
13140000,0.002142105263157895,New customers
13140000,0.0023684210526315787,Closest expert
13140000,0.005557894736842105,New customers
13140000,0.005968421052631581,Closest expert
13140000,0.004652631578947371,New customers
13140000,0.00365263157894737,Closest expert
13140000,0.005800000000000001,New customers
13140000,0.006531578947368424,Closest expert
13140000,0.004757894736842105,New customers
13140000,0.004110526315789474,Closest expert
13140000,0.0014631578947368426,New customers
13140000,0.0024052631578947367,Closest expert
13140000,0.0025947368421052643,New customers
13140000,0.0029315789473684205,Closest expert
13140000,0.008210526315789474,New customers
13140000,0.006910526315789475,Closest expert
13140000,0.002552631578947367,New customers
13140000,0.0030631578947368406,Closest expert
13140000,0.0026631578947368412,New customers
13140000,0.0017526315789473696,Closest expert
13140000,0.005884210526315789,New customers
13140000,0.006184210526315792,Closest expert
13140000,0.0050789473684210535,New customers
13140000,0.005757894736842108,Closest expert
13140000,0.001910526315789475,New customers
13140000,0.004331578947368422,Closest expert
13140000,0.0009631578947368412,New customers
13140000,0.0012473684210526322,Closest expert
13140000,0.002747368421052633,New customers
13140000,0.001815789473684213,Closest expert
13140000,0.0016052631578947383,New customers
13140000,0.003863157894736843,Closest expert
13140000,0.001115789473684211,New customers
13140000,0.00186842105263158,Closest expert
13140000,0.003315789473684215,New customers
13140000,0.003626315789473687,Closest expert
13140000,0.0016210526315789473,New customers
13140000,0.0036210526315789476,Closest expert
13140000,0.0026999999999999993,New customers
13140000,0.0018263157894736863,Closest expert
13140000,0.0013947368421052654,New customers
13140000,0.0016105263157894754,Closest expert
13140000,0.0048578947368421044,New customers
13140000,0.0022421052631578947,Closest expert
13140000,0.004636842105263161,New customers
13140000,0.0028578947368421044,Closest expert
13140000,0.0034736842105263146,New customers
13140000,0.002394736842105263,Closest expert
13140000,0.0019173684210526325,Average expert
14235000,0.004199999999999999,Experts
14235000,0.0029842105263157884,Experts
14235000,0.0028368421052631576,Experts
14235000,0.0059000000000000025,Experts
14235000,0.005705263157894735,Experts
14235000,0.010568421052631581,Experts
14235000,0.00668421052631579,Experts
14235000,0.004163157894736842,Experts
14235000,0.009194736842105266,Experts
14235000,0.006736842105263161,Experts
14235000,0.008173684210526317,New customers
14235000,0.008878947368421056,Closest expert
14235000,0.0019631578947368407,New customers
14235000,0.00293157894736842,Closest expert
14235000,0.004626315789473682,New customers
14235000,0.0027052631578947366,Closest expert
14235000,0.006410526315789472,New customers
14235000,0.006773684210526314,Closest expert
14235000,0.00755263157894737,New customers
14235000,0.008189473684210528,Closest expert
14235000,0.005857894736842107,New customers
14235000,0.0064421052631578974,Closest expert
14235000,0.005247368421052629,New customers
14235000,0.006026315789473683,Closest expert
14235000,0.001321052631578946,New customers
14235000,0.002394736842105262,Closest expert
14235000,0.004578947368421052,New customers
14235000,0.004778947368421051,Closest expert
14235000,0.005247368421052629,New customers
14235000,0.005426315789473683,Closest expert
14235000,0.013063157894736846,New customers
14235000,0.011331578947368422,Closest expert
14235000,0.003915789473684212,New customers
14235000,0.004221052631578947,Closest expert
14235000,0.002742105263157894,New customers
14235000,0.003310526315789474,Closest expert
14235000,0.0035947368421052634,New customers
14235000,0.003884210526315789,Closest expert
14235000,0.01261578947368421,New customers
14235000,0.010694736842105264,Closest expert
14235000,0.006473684210526315,New customers
14235000,0.005305263157894735,Closest expert
14235000,0.0049315789473684205,New customers
14235000,0.004542105263157894,Closest expert
14235000,0.005305263157894735,New customers
14235000,0.006142105263157893,Closest expert
14235000,0.011321052631578949,New customers
14235000,0.010426315789473686,Closest expert
14235000,0.00698947368421053,New customers
14235000,0.00635263157894737,Closest expert
14235000,0.00864736842105263,New customers
14235000,0.011010526315789474,Closest expert
14235000,0.005063157894736839,New customers
14235000,0.005163157894736841,Closest expert
14235000,0.004063157894736843,New customers
14235000,0.004394736842105263,Closest expert
14235000,0.002757894736842104,New customers
14235000,0.0033894736842105255,Closest expert
14235000,0.0047421052631578964,New customers
14235000,0.0063684210526315805,Closest expert
14235000,0.002794736842105262,New customers
14235000,0.003168421052631578,Closest expert
14235000,0.004421052631578947,New customers
14235000,0.005873684210526315,Closest expert
14235000,0.00916842105263158,New customers
14235000,0.009589473684210528,Closest expert
14235000,0.007231578947368423,New customers
14235000,0.006147368421052632,Closest expert
14235000,0.007673684210526317,New customers
14235000,0.008452631578947371,Closest expert
14235000,0.003989473684210525,New customers
14235000,0.0029526315789473673,Closest expert
14235000,0.0045315789473684195,New customers
14235000,0.005531578947368419,Closest expert
14235000,0.004368421052631577,New customers
14235000,0.005557894736842104,Closest expert
14235000,0.012347368421052631,New customers
14235000,0.011184210526315791,Closest expert
14235000,0.005236842105263157,New customers
14235000,0.005694736842105261,Closest expert
14235000,0.003489473684210531,New customers
14235000,0.006042105263157899,Closest expert
14235000,0.008236842105263159,New customers
14235000,0.008615789473684214,Closest expert
14235000,0.00836842105263158,New customers
14235000,0.009026315789473686,Closest expert
14235000,0.003242105263157896,New customers
14235000,0.0043526315789473675,Closest expert
14235000,0.005315789473684211,New customers
14235000,0.006342105263157896,Closest expert
14235000,0.00731578947368421,New customers
14235000,0.006694736842105265,Closest expert
14235000,0.0036421052631578953,New customers
14235000,0.004552631578947367,Closest expert
14235000,0.005073684210526318,New customers
14235000,0.006078947368421055,Closest expert
14235000,0.005905263157894742,New customers
14235000,0.006521052631578952,Closest expert
14235000,0.0034368421052631596,New customers
14235000,0.0037368421052631573,Closest expert
14235000,0.006831578947368421,New customers
14235000,0.006605263157894739,Closest expert
14235000,0.0046842105263157924,New customers
14235000,0.005821052631578951,Closest expert
14235000,0.0026842105263157894,New customers
14235000,0.0018210526315789472,Closest expert
14235000,0.007815789473684212,New customers
14235000,0.00587894736842105,Closest expert
14235000,0.005405263157894734,New customers
14235000,0.005215789473684208,Closest expert
14235000,0.0034468421052631583,Average expert
15330000,0.00771052631578947,Experts
15330000,0.00766842105263158,Experts
15330000,0.007478947368421052,Experts
15330000,0.005436842105263156,Experts
15330000,0.004726315789473688,Experts
15330000,0.0016736842105263177,Experts
15330000,0.0031368421052631566,Experts
15330000,0.007705263157894736,Experts
15330000,0.0020526315789473676,Experts
15330000,0.004831578947368419,Experts
15330000,0.0021526315789473687,New customers
15330000,0.0027526315789473685,Closest expert
15330000,0.009757894736842104,New customers
15330000,0.0078000000000000005,Closest expert
15330000,0.007336842105263158,New customers
15330000,0.008226315789473686,Closest expert
15330000,0.0046842105263157924,New customers
15330000,0.004473684210526319,Closest expert
15330000,0.0019105263157894734,New customers
15330000,0.001836842105263157,Closest expert
15330000,0.0055947368421052635,New customers
15330000,0.0053157894736842095,Closest expert
15330000,0.0051210526315789515,New customers
15330000,0.004605263157894742,Closest expert
15330000,0.008715789473684211,New customers
15330000,0.0073631578947368406,Closest expert
15330000,0.007310526315789474,New customers
15330000,0.008505263157894736,Closest expert
15330000,0.004800000000000003,New customers
15330000,0.004084210526315793,Closest expert
15330000,0.002926315789473685,New customers
15330000,0.002194736842105263,Closest expert
15330000,0.0066,New customers
15330000,0.007426315789473683,Closest expert
15330000,0.006921052631578947,New customers
15330000,0.007826315789473685,Closest expert
15330000,0.004268421052631577,New customers
15330000,0.008052631578947367,Closest expert
15330000,0.0034421052631578956,New customers
15330000,0.0016000000000000003,Closest expert
15330000,0.007231578947368419,New customers
15330000,0.007357894736842103,Closest expert
15330000,0.006368421052631575,New customers
15330000,0.008005263157894734,Closest expert
15330000,0.004489473684210528,New customers
15330000,0.003957894736842109,Closest expert
15330000,0.0029473684210526313,New customers
15330000,0.002089473684210527,Closest expert
15330000,0.004926315789473681,New customers
15330000,0.00521578947368421,Closest expert
15330000,0.0023315789473684224,New customers
15330000,0.0020631578947368423,Closest expert
15330000,0.005615789473684213,New customers
15330000,0.004947368421052636,Closest expert
15330000,0.005278947368421053,New customers
15330000,0.008173684210526314,Closest expert
15330000,0.007826315789473683,New customers
15330000,0.008021052631578946,Closest expert
15330000,0.006189473684210526,New customers
15330000,0.0051210526315789455,Closest expert
15330000,0.007363157894736843,New customers
15330000,0.008489473684210526,Closest expert
15330000,0.006773684210526319,New customers
15330000,0.00492105263157895,Closest expert
15330000,0.0011368421052631577,New customers
15330000,0.0016947368421052632,Closest expert
15330000,0.003305263157894736,New customers
15330000,0.002852631578947368,Closest expert
15330000,0.001315789473684211,New customers
15330000,0.0014315789473684213,Closest expert
15330000,0.008915789473684214,New customers
15330000,0.008189473684210528,Closest expert
15330000,0.00445263157894737,New customers
15330000,0.0043736842105263195,Closest expert
15330000,0.00560526315789474,New customers
15330000,0.003742105263157898,Closest expert
15330000,0.003594736842105262,New customers
15330000,0.002505263157894737,Closest expert
15330000,0.004278947368421055,New customers
15330000,0.0044578947368421095,Closest expert
15330000,0.007768421052631577,New customers
15330000,0.005052631578947367,Closest expert
15330000,0.00098421052631579,New customers
15330000,0.0013684210526315782,Closest expert
15330000,0.0020263157894736834,New customers
15330000,0.0023052631578947356,Closest expert
15330000,0.006557894736842106,New customers
15330000,0.007557894736842104,Closest expert
15330000,0.005715789473684209,New customers
15330000,0.004910526315789473,Closest expert
15330000,0.004589473684210526,New customers
15330000,0.005721052631578946,Closest expert
15330000,0.006905263157894737,New customers
15330000,0.00796315789473684,Closest expert
15330000,0.005442105263157894,New customers
15330000,0.004705263157894735,Closest expert
15330000,0.004589473684210524,New customers
15330000,0.0029105263157894728,Closest expert
15330000,0.0061263157894736854,New customers
15330000,0.007473684210526315,Closest expert
15330000,0.004442105263157896,New customers
15330000,0.0048578947368421044,Closest expert
15330000,0.0062,New customers
15330000,0.005205263157894737,Closest expert
15330000,0.008515789473684211,New customers
15330000,0.0063999999999999994,Closest expert
15330000,0.0029842105263157897,New customers
15330000,0.0041421052631578975,Closest expert
15330000,0.004352631578947373,New customers
15330000,0.004210526315789477,Closest expert
15330000,0.0051963157894736834,Average expert
16425000,0.005078947368421054,Experts
16425000,0.0031473684210526313,Experts
16425000,0.002284210526315789,Experts
16425000,0.0014421052631578952,Experts
16425000,0.002647368421052632,Experts
16425000,0.005526315789473686,Experts
16425000,0.003894736842105264,Experts
16425000,0.004094736842105263,Experts
16425000,0.005289473684210529,Experts
16425000,0.0019631578947368437,Experts
16425000,0.004305263157894739,New customers
16425000,0.004952631578947371,Closest expert
16425000,0.004247368421052632,New customers
16425000,0.002194736842105263,Closest expert
16425000,0.0037105263157894736,New customers
16425000,0.004263157894736842,Closest expert
16425000,0.0019736842105263154,New customers
16425000,0.0017947368421052635,Closest expert
16425000,0.004847368421052632,New customers
16425000,0.00523684210526316,Closest expert
16425000,0.0007210526315789478,New customers
16425000,0.0013210526315789479,Closest expert
16425000,0.0025526315789473693,New customers
16425000,0.0025631578947368423,Closest expert
16425000,0.0040894736842105265,New customers
16425000,0.0027000000000000006,Closest expert
16425000,0.0034684210526315807,New customers
16425000,0.004000000000000001,Closest expert
16425000,0.0030421052631578946,New customers
16425000,0.0022578947368421046,Closest expert
16425000,0.007347368421052632,New customers
16425000,0.005731578947368421,Closest expert
16425000,0.0011631578947368425,New customers
16425000,0.0034052631578947376,Closest expert
16425000,0.002936842105263157,New customers
16425000,0.004078947368421053,Closest expert
16425000,0.002084210526315791,New customers
16425000,0.004036842105263158,Closest expert
16425000,0.008378947368421054,New customers
16425000,0.006189473684210527,Closest expert
16425000,0.00546842105263158,New customers
16425000,0.005742105263157897,Closest expert
16425000,0.0029315789473684205,New customers
16425000,0.0037789473684210514,Closest expert
16425000,0.0025210526315789473,New customers
16425000,0.002784210526315789,Closest expert
16425000,0.006931578947368421,New customers
16425000,0.006047368421052632,Closest expert
16425000,0.0020157894736842117,New customers
16425000,0.001547368421052633,Closest expert
16425000,0.003942105263157894,New customers
16425000,0.005768421052631581,Closest expert
16425000,0.003057894736842104,New customers
16425000,0.002636842105263157,Closest expert
16425000,0.000836842105263158,New customers
16425000,0.0031105263157894733,Closest expert
16425000,0.00413157894736842,New customers
16425000,0.00444736842105263,Closest expert
16425000,0.0012684210526315788,New customers
16425000,0.0015999999999999996,Closest expert
16425000,0.0027684210526315797,New customers
16425000,0.0042578947368421055,Closest expert
16425000,0.0018368421052631573,New customers
16425000,0.0019736842105263154,Closest expert
16425000,0.004515789473684211,New customers
16425000,0.004978947368421055,Closest expert
16425000,0.00400526315789474,New customers
16425000,0.002884210526315792,Closest expert
16425000,0.004821052631578947,New customers
16425000,0.0055473684210526324,Closest expert
16425000,0.004578947368421052,New customers
16425000,0.003852631578947369,Closest expert
16425000,0.0019526315789473682,New customers
16425000,0.003226315789473684,Closest expert
16425000,0.0022421052631578955,New customers
16425000,0.0025947368421052617,Closest expert
16425000,0.006942105263157894,New customers
16425000,0.005784210526315791,Closest expert
16425000,0.002342105263157894,New customers
16425000,0.00321578947368421,Closest expert
16425000,0.0033105263157894712,New customers
16425000,0.0016105263157894737,Closest expert
16425000,0.005031578947368422,New customers
16425000,0.005147368421052634,Closest expert
16425000,0.004242105263157896,New customers
16425000,0.004942105263157897,Closest expert
16425000,0.0019263157894736838,New customers
16425000,0.0033526315789473675,Closest expert
16425000,0.0013473684210526318,New customers
16425000,0.0008631578947368435,Closest expert
16425000,0.0012894736842105257,New customers
16425000,0.0014368421052631587,Closest expert
16425000,0.001526315789473684,New customers
16425000,0.0036631578947368417,Closest expert
16425000,0.001410526315789473,New customers
16425000,0.0016315789473684214,Closest expert
16425000,0.003063157894736845,New customers
16425000,0.003200000000000002,Closest expert
16425000,0.0020368421052631585,New customers
16425000,0.003668421052631579,Closest expert
16425000,0.002463157894736842,New customers
16425000,0.0009473684210526323,Closest expert
16425000,0.0015263157894736849,New customers
16425000,0.0009263157894736844,Closest expert
16425000,0.004321052631578948,New customers
16425000,0.0023000000000000004,Closest expert
16425000,0.00340526315789474,New customers
16425000,0.0025210526315789473,Closest expert
16425000,0.0032368421052631586,New customers
16425000,0.002263157894736843,Closest expert
16425000,0.0016442105263157908,Average expert
17520000,0.004594736842105265,Experts
17520000,0.0038315789473684202,Experts
17520000,0.0015789473684210528,Experts
17520000,0.001057894736842106,Experts
17520000,0.0021052631578947364,Experts
17520000,0.005310526315789474,Experts
17520000,0.0034526315789473704,Experts
17520000,0.0038315789473684207,Experts
17520000,0.004810526315789477,Experts
17520000,0.0017473684210526311,Experts
17520000,0.0037789473684210536,New customers
17520000,0.004231578947368423,Closest expert
17520000,0.0037684210526315784,New customers
17520000,0.0017157894736842107,Closest expert
17520000,0.003489473684210526,New customers
17520000,0.003915789473684211,Closest expert
17520000,0.002005263157894736,New customers
17520000,0.0018736842105263156,Closest expert
17520000,0.00418421052631579,New customers
17520000,0.004489473684210528,Closest expert
17520000,0.001310526315789473,New customers
17520000,0.0019,Closest expert
17520000,0.0022052631578947375,New customers
17520000,0.002278947368421053,Closest expert
17520000,0.0041263157894736845,New customers
17520000,0.002742105263157895,Closest expert
17520000,0.00273684210526316,New customers
17520000,0.0035157894736842117,Closest expert
17520000,0.002968421052631578,New customers
17520000,0.002652631578947368,Closest expert
17520000,0.007789473684210527,New customers
17520000,0.0060526315789473685,Closest expert
17520000,0.0018999999999999993,New customers
17520000,0.0039315789473684205,Closest expert
17520000,0.0021368421052631566,New customers
17520000,0.003526315789473684,Closest expert
17520000,0.0019473684210526325,New customers
17520000,0.003757894736842104,Closest expert
17520000,0.0076789473684210525,New customers
17520000,0.006394736842105263,Closest expert
17520000,0.005615789473684213,New customers
17520000,0.0059263157894736875,Closest expert
17520000,0.0030315789473684216,New customers
17520000,0.003589473684210526,Closest expert
17520000,0.002036842105263157,New customers
17520000,0.002373684210526315,Closest expert
17520000,0.006547368421052631,New customers
17520000,0.005584210526315789,Closest expert
17520000,0.0012789473684210531,New customers
17520000,0.0014421052631578958,Closest expert
17520000,0.00354736842105263,New customers
17520000,0.0054,Closest expert
17520000,0.003357894736842104,New customers
17520000,0.0030631578947368414,Closest expert
17520000,0.0011736842105263168,New customers
17520000,0.003684210526315789,Closest expert
17520000,0.0038473684210526314,New customers
17520000,0.004105263157894738,Closest expert
17520000,0.0025631578947368423,New customers
17520000,0.0014105263157894734,Closest expert
17520000,0.002294736842105264,New customers
17520000,0.0037842105263157897,Closest expert
17520000,0.0027263157894736835,New customers
17520000,0.002984210526315789,Closest expert
17520000,0.0042578947368421055,New customers
17520000,0.004600000000000002,Closest expert
17520000,0.004400000000000002,New customers
17520000,0.0033315789473684224,Closest expert
17520000,0.003510526315789475,New customers
17520000,0.004284210526315791,Closest expert
17520000,0.00418421052631579,New customers
17520000,0.0034894736842105262,Closest expert
17520000,0.001794736842105263,New customers
17520000,0.00283157894736842,Closest expert
17520000,0.0015421052631578946,New customers
17520000,0.0021473684210526305,Closest expert
17520000,0.006789473684210526,New customers
17520000,0.0055947368421052635,Closest expert
17520000,0.001463157894736842,New customers
17520000,0.0020263157894736842,Closest expert
17520000,0.0028315789473684193,New customers
17520000,0.0016894736842105276,Closest expert
17520000,0.004405263157894737,New customers
17520000,0.004447368421052634,Closest expert
17520000,0.0036315789473684223,New customers
17520000,0.004289473684210529,Closest expert
17520000,0.0020052631578947374,New customers
17520000,0.004278947368421053,Closest expert
17520000,0.0014210526315789468,New customers
17520000,0.0011684210526315788,Closest expert
17520000,0.001815789473684209,New customers
17520000,0.0008315789473684221,Closest expert
17520000,0.002384210526315789,New customers
17520000,0.0036684210526315786,Closest expert
17520000,0.001047368421052631,New customers
17520000,0.0009684210526315796,Closest expert
17520000,0.003457894736842108,New customers
17520000,0.002963157894736845,Closest expert
17520000,0.0022526315789473694,New customers
17520000,0.0036421052631578944,Closest expert
17520000,0.0022052631578947358,New customers
17520000,0.0008789473684210534,Closest expert
17520000,0.0012473684210526316,New customers
17520000,0.0011999999999999995,Closest expert
17520000,0.0045473684210526315,New customers
17520000,0.0021894736842105267,Closest expert
17520000,0.004826315789473687,New customers
17520000,0.0031684210526315777,Closest expert
17520000,0.003347368421052631,New customers
17520000,0.0021473684210526313,Closest expert
17520000,0.0012931578947368433,Average expert
18615000,0.0057,Experts
18615000,0.005915789473684211,Experts
18615000,0.004336842105263156,Experts
18615000,0.0033157894736842095,Experts
18615000,0.0023210526315789494,Experts
18615000,0.0023947368421052637,Experts
18615000,0.001221052631578947,Experts
18615000,0.005921052631578946,Experts
18615000,0.002326315789473685,Experts
18615000,0.0034736842105263155,Experts
18615000,0.0015157894736842119,New customers
18615000,0.002136842105263159,Closest expert
18615000,0.006226315789473682,New customers
18615000,0.004268421052631578,Closest expert
18615000,0.005531578947368421,New customers
18615000,0.006494736842105263,Closest expert
18615000,0.002878947368421054,New customers
18615000,0.0028105263157894756,Closest expert
18615000,0.0015105263157894739,New customers
18615000,0.0018000000000000004,Closest expert
18615000,0.0035947368421052634,New customers
18615000,0.0033315789473684207,Closest expert
18615000,0.003215789473684213,New customers
18615000,0.0034684210526315807,Closest expert
18615000,0.0063157894736842095,New customers
18615000,0.004963157894736841,Closest expert
18615000,0.004873684210526313,New customers
18615000,0.006215789473684209,Closest expert
18615000,0.0033947368421052638,New customers
18615000,0.0027736842105263175,Closest expert
18615000,0.0034736842105263168,New customers
18615000,0.0022,Closest expert
18615000,0.0052842105263157906,New customers
18615000,0.006094736842105262,Closest expert
18615000,0.005142105263157893,New customers
18615000,0.00623157894736842,Closest expert
18615000,0.002657894736842104,New customers
18615000,0.006352631578947367,Closest expert
18615000,0.004168421052631579,New customers
18615000,0.003057894736842106,Closest expert
18615000,0.006136842105263155,New customers
18615000,0.006626315789473684,Closest expert
18615000,0.0050947368421052595,New customers
18615000,0.006499999999999997,Closest expert
18615000,0.0033210526315789485,New customers
18615000,0.0025315789473684238,Closest expert
18615000,0.003589473684210526,New customers
18615000,0.0026789473684210524,Closest expert
18615000,0.0032894736842105257,New customers
18615000,0.003478947368421053,Closest expert
18615000,0.0019368421052631574,New customers
18615000,0.002594736842105263,Closest expert
18615000,0.0030421052631578963,New customers
18615000,0.002231578947368423,Closest expert
18615000,0.0030789473684210526,New customers
18615000,0.005778947368421051,Closest expert
18615000,0.006089473684210526,New customers
18615000,0.006331578947368421,Closest expert
18615000,0.00441578947368421,New customers
18615000,0.003326315789473683,Closest expert
18615000,0.004836842105263159,New customers
18615000,0.006194736842105264,Closest expert
18615000,0.003926315789473687,New customers
18615000,0.0035578947368421075,Closest expert
18615000,0.0014421052631578947,New customers
18615000,0.001142105263157895,Closest expert
18615000,0.0023421052631578962,New customers
18615000,0.0014947368421052642,Closest expert
18615000,0.001657894736842106,New customers
18615000,0.0021368421052631583,Closest expert
18615000,0.007721052631578948,New customers
18615000,0.006994736842105264,Closest expert
18615000,0.0022210526315789474,New customers
18615000,0.0021210526315789493,Closest expert
18615000,0.004831578947368423,New customers
18615000,0.003205263157894739,Closest expert
18615000,0.004257894736842105,New customers
18615000,0.0031000000000000008,Closest expert
18615000,0.0020421052631578967,New customers
18615000,0.002805263157894739,Closest expert
18615000,0.006384210526315787,New customers
18615000,0.003699999999999999,Closest expert
18615000,0.0018421052631578943,New customers
18615000,0.0016789473684210533,Closest expert
18615000,0.0015263157894736855,New customers
18615000,0.002357894736842106,Closest expert
18615000,0.004368421052631579,New customers
18615000,0.005389473684210525,Closest expert
18615000,0.004694736842105263,New customers
18615000,0.003984210526315789,Closest expert
18615000,0.0028842105263157886,New customers
18615000,0.00373157894736842,Closest expert
18615000,0.004963157894736841,New customers
18615000,0.006110526315789471,Closest expert
18615000,0.004610526315789474,New customers
18615000,0.003763157894736842,Closest expert
18615000,0.003442105263157893,New customers
18615000,0.0016631578947368408,Closest expert
18615000,0.0049105263157894746,New customers
18615000,0.005731578947368419,Closest expert
18615000,0.004178947368421055,New customers
18615000,0.004373684210526315,Closest expert
18615000,0.004989473684210526,New customers
18615000,0.0036894736842105263,Closest expert
18615000,0.006178947368421053,New customers
18615000,0.003952631578947368,Closest expert
18615000,0.0019157894736842125,New customers
18615000,0.003542105263157897,Closest expert
18615000,0.0032052631578947384,New customers
18615000,0.0027947368421052648,Closest expert
18615000,0.0029184210526315793,Average expert
19710000,0.00455263157894737,Experts
19710000,0.0028000000000000004,Experts
19710000,0.001136842105263158,Experts
19710000,0.0013894736842105268,Experts
19710000,0.0035578947368421045,Experts
19710000,0.006126315789473684,Experts
19710000,0.003678947368421054,Experts
19710000,0.0030315789473684225,Experts
19710000,0.00542105263157895,Experts
19710000,0.001121052631578948,Experts
19710000,0.004689473684210526,New customers
19710000,0.00525263157894737,Closest expert
19710000,0.0025894736842105256,New customers
19710000,0.001326315789473684,Closest expert
19710000,0.00431578947368421,New customers
19710000,0.0030473684210526324,Closest expert
19710000,0.00281578947368421,New customers
19710000,0.002684210526315789,Closest expert
19710000,0.005078947368421053,New customers
19710000,0.005694736842105265,Closest expert
19710000,0.0012473684210526318,New customers
19710000,0.0018684210526315795,Closest expert
19710000,0.0028789473684210525,New customers
19710000,0.0033,Closest expert
19710000,0.0027157894736842122,New customers
19710000,0.0018000000000000006,Closest expert
19710000,0.0022263157894736856,New customers
19710000,0.0029421052631578948,Closest expert
19710000,0.0029947368421052627,New customers
19710000,0.0030210526315789473,Closest expert
19710000,0.007742105263157896,New customers
19710000,0.006726315789473684,Closest expert
19710000,0.0012052631578947368,New customers
19710000,0.003042105263157895,Closest expert
19710000,0.0009105263157894739,New customers
19710000,0.0021842105263157902,Closest expert
19710000,0.0027263157894736865,New customers
19710000,0.002973684210526316,Closest expert
19710000,0.008221052631578948,New customers
19710000,0.006215789473684211,Closest expert
19710000,0.004352631578947369,New customers
19710000,0.004163157894736844,Closest expert
19710000,0.003510526315789475,New customers
19710000,0.0036736842105263164,Closest expert
19710000,0.0017105263157894729,New customers
19710000,0.002152631578947368,Closest expert
19710000,0.007578947368421053,New customers
19710000,0.006642105263157895,Closest expert
19710000,0.0019052631578947387,New customers
19710000,0.0014526315789473699,Closest expert
19710000,0.004057894736842104,New customers
19710000,0.0060263157894736834,Closest expert
19710000,0.003131578947368419,New customers
19710000,0.0029052631578947354,Closest expert
19710000,0.001373684210526316,New customers
19710000,0.0027631578947368415,Closest expert
19710000,0.0025000000000000005,New customers
19710000,0.003026315789473685,Closest expert
19710000,0.0008105263157894741,New customers
19710000,0.0019421052631578956,Closest expert
19710000,0.0014789473684210523,New customers
19710000,0.0032263157894736848,Closest expert
19710000,0.0022368421052631573,New customers
19710000,0.00291578947368421,Closest expert
19710000,0.005105263157894736,New customers
19710000,0.005410526315789474,Closest expert
19710000,0.005152631578947369,New customers
19710000,0.0043,Closest expert
19710000,0.004384210526315791,New customers
19710000,0.00503684210526316,Closest expert
19710000,0.003389473684210527,New customers
19710000,0.002557894736842106,Closest expert
19710000,0.002068421052631579,New customers
19710000,0.0028736842105263143,Closest expert
19710000,0.002347368421052632,New customers
19710000,0.002899999999999999,Closest expert
19710000,0.007547368421052631,New customers
19710000,0.006326315789473685,Closest expert
19710000,0.0028578947368421044,New customers
19710000,0.0032315789473684195,Closest expert
19710000,0.0029526315789473664,New customers
19710000,0.0013789473684210525,Closest expert
19710000,0.004921052631578947,New customers
19710000,0.004947368421052633,Closest expert
19710000,0.004763157894736842,New customers
19710000,0.005389473684210527,Closest expert
19710000,0.0017052631578947368,New customers
19710000,0.0030368421052631585,Closest expert
19710000,0.0008789473684210533,New customers
19710000,0.0014894736842105281,Closest expert
19710000,0.0022631578947368415,New customers
19710000,0.0011526315789473689,Closest expert
19710000,0.0015842105263157906,New customers
19710000,0.00348421052631579,Closest expert
19710000,0.000963157894736841,New customers
19710000,0.0019210526315789475,Closest expert
19710000,0.0035263157894736873,New customers
19710000,0.0038473684210526336,Closest expert
19710000,0.0007210526315789476,New customers
19710000,0.0024736842105263163,Closest expert
19710000,0.002110526315789472,New customers
19710000,0.0012947368421052639,Closest expert
19710000,0.0013894736842105261,New customers
19710000,0.0017368421052631575,Closest expert
19710000,0.0034157894736842097,New customers
19710000,0.0013578947368421061,Closest expert
19710000,0.006184210526315794,New customers
19710000,0.003178947368421052,Closest expert
19710000,0.0028210526315789464,New customers
19710000,0.002289473684210526,Closest expert
19710000,0.0017963157894736862,Average expert
20805000,0.004989473684210529,Experts
20805000,0.003057894736842105,Experts
20805000,0.0018105263157894738,Experts
20805000,0.0010631578947368418,Experts
20805000,0.0025947368421052617,Experts
20805000,0.004973684210526316,Experts
20805000,0.003557894736842107,Experts
20805000,0.00358421052631579,Experts
20805000,0.003615789473684212,Experts
20805000,0.0008789473684210531,Experts
20805000,0.0035947368421052634,New customers
20805000,0.004094736842105264,Closest expert
20805000,0.003310526315789473,New customers
20805000,0.0014999999999999996,Closest expert
20805000,0.003473684210526315,New customers
20805000,0.0036052631578947373,Closest expert
20805000,0.0030999999999999986,New customers
20805000,0.0029736842105263146,Closest expert
20805000,0.003905263157894737,New customers
20805000,0.004557894736842107,Closest expert
20805000,0.0008157894736842105,New customers
20805000,0.001257894736842105,Closest expert
20805000,0.0021947368421052623,New customers
20805000,0.002668421052631578,Closest expert
20805000,0.0031842105263157894,New customers
20805000,0.0017947368421052632,Closest expert
20805000,0.0030789473684210544,New customers
20805000,0.0038157894736842116,Closest expert
20805000,0.002657894736842105,New customers
20805000,0.0025578947368421054,Closest expert
20805000,0.0073,New customers
20805000,0.005805263157894737,Closest expert
20805000,0.0013894736842105261,New customers
20805000,0.003947368421052632,Closest expert
20805000,0.001505263157894736,New customers
20805000,0.0029315789473684213,Closest expert
20805000,0.0019947368421052657,New customers
20805000,0.0038684210526315796,Closest expert
20805000,0.006915789473684211,New customers
20805000,0.0053052631578947365,Closest expert
20805000,0.004157894736842107,New customers
20805000,0.004568421052631582,Closest expert
20805000,0.0036684210526315795,New customers
20805000,0.003942105263157894,Closest expert
20805000,0.0021263157894736836,New customers
20805000,0.002131578947368421,Closest expert
20805000,0.006378947368421052,New customers
20805000,0.005431578947368421,Closest expert
20805000,0.0016842105263157898,New customers
20805000,0.0013000000000000006,Closest expert
20805000,0.004010526315789471,New customers
20805000,0.0058,Closest expert
20805000,0.0029684210526315768,New customers
20805000,0.002594736842105262,Closest expert
20805000,0.0018473684210526323,New customers
20805000,0.003410526315789474,Closest expert
20805000,0.003084210526315789,New customers
20805000,0.0036052631578947373,Closest expert
20805000,0.0016578947368421058,New customers
20805000,0.0011052631578947368,Closest expert
20805000,0.001842105263157894,New customers
20805000,0.0036526315789473683,Closest expert
20805000,0.0015526315789473673,New customers
20805000,0.0022105263157894727,Closest expert
20805000,0.003905263157894737,New customers
20805000,0.0043210526315789494,Closest expert
20805000,0.004363157894736843,New customers
20805000,0.003315789473684211,Closest expert
20805000,0.003947368421052632,New customers
20805000,0.004694736842105264,Closest expert
20805000,0.004057894736842106,New customers
20805000,0.003300000000000001,Closest expert
20805000,0.001878947368421053,New customers
20805000,0.002,Closest expert
20805000,0.0011315789473684223,New customers
20805000,0.002042105263157894,Closest expert
20805000,0.006515789473684211,New customers
20805000,0.0051631578947368435,Closest expert
20805000,0.0030368421052631564,New customers
20805000,0.003563157894736841,Closest expert
20805000,0.0035999999999999986,New customers
20805000,0.001857894736842106,Closest expert
20805000,0.004268421052631578,New customers
20805000,0.004131578947368422,Closest expert
20805000,0.003473684210526316,New customers
20805000,0.0040684210526315805,Closest expert
20805000,0.0015894736842105262,New customers
20805000,0.002689473684210527,Closest expert
20805000,0.002094736842105264,New customers
20805000,0.0012368421052631581,Closest expert
20805000,0.0021105263157894724,New customers
20805000,0.0010315789473684211,Closest expert
20805000,0.0008789473684210527,New customers
20805000,0.002973684210526316,Closest expert
20805000,0.0013105263157894747,New customers
20805000,0.0009368421052631575,Closest expert
20805000,0.0027000000000000027,New customers
20805000,0.003173684210526317,Closest expert
20805000,0.001131578947368421,New customers
20805000,0.003352631578947369,Closest expert
20805000,0.0012631578947368423,New customers
20805000,0.0014526315789473697,Closest expert
20805000,0.0021,New customers
20805000,0.0013315789473684213,Closest expert
20805000,0.004110526315789473,New customers
20805000,0.0014578947368421055,Closest expert
20805000,0.004957894736842109,New customers
20805000,0.003226315789473682,Closest expert
20805000,0.0032210526315789457,New customers
20805000,0.002094736842105262,Closest expert
20805000,0.001387894736842107,Average expert
21900000,0.004894736842105266,Experts
21900000,0.0033000000000000004,Experts
21900000,0.0018684210526315795,Experts
21900000,0.0014684210526315783,Experts
21900000,0.0025578947368421045,Experts
21900000,0.004836842105263157,Experts
21900000,0.0026473684210526318,Experts
21900000,0.003615789473684209,Experts
21900000,0.004094736842105265,Experts
21900000,0.0017526315789473685,Experts
21900000,0.0030894736842105273,New customers
21900000,0.003668421052631581,Closest expert
21900000,0.0041842105263157885,New customers
21900000,0.0021631578947368412,Closest expert
21900000,0.002510526315789473,New customers
21900000,0.003047368421052631,Closest expert
21900000,0.0021842105263157894,New customers
21900000,0.0019947368421052627,Closest expert
21900000,0.003157894736842105,New customers
21900000,0.003652631578947369,Closest expert
21900000,0.001363157894736843,New customers
21900000,0.001194736842105263,Closest expert
21900000,0.0010789473684210524,New customers
21900000,0.0020157894736842104,Closest expert
21900000,0.003178947368421053,New customers
21900000,0.001810526315789474,Closest expert
21900000,0.002821052631578947,New customers
21900000,0.0038263157894736824,Closest expert
21900000,0.0024736842105263154,New customers
21900000,0.0018,Closest expert
21900000,0.006626315789473685,New customers
21900000,0.0048842105263157895,Closest expert
21900000,0.0016263157894736836,New customers
21900000,0.0038789473684210526,Closest expert
21900000,0.0018052631578947351,New customers
21900000,0.003110526315789473,Closest expert
21900000,0.0016684210526315803,New customers
21900000,0.004026315789473683,Closest expert
21900000,0.007205263157894737,New customers
21900000,0.005557894736842105,Closest expert
21900000,0.003978947368421054,New customers
21900000,0.004368421052631582,Closest expert
21900000,0.002794736842105263,New customers
21900000,0.0037526315789473677,Closest expert
21900000,0.0024578947368421042,New customers
21900000,0.00231578947368421,Closest expert
21900000,0.006089473684210525,New customers
21900000,0.005110526315789472,Closest expert
21900000,0.0011842105263157891,New customers
21900000,0.001421052631578948,Closest expert
21900000,0.0031947368421052606,New customers
21900000,0.004736842105263157,Closest expert
21900000,0.002094736842105261,New customers
21900000,0.0018210526315789468,Closest expert
21900000,0.0008157894736842117,New customers
21900000,0.0038947368421052625,Closest expert
21900000,0.002547368421052631,New customers
21900000,0.0029842105263157906,Closest expert
21900000,0.0032368421052631586,New customers
21900000,0.0018999999999999993,Closest expert
21900000,0.001468421052631579,New customers
21900000,0.003242105263157895,Closest expert
21900000,0.0012526315789473691,New customers
21900000,0.0012842105263157892,Closest expert
21900000,0.0032473684210526316,New customers
21900000,0.003663157894736844,Closest expert
21900000,0.003310526315789476,New customers
21900000,0.0021684210526315803,Closest expert
21900000,0.002073684210526316,New customers
21900000,0.0026368421052631592,Closest expert
21900000,0.0038736842105263165,New customers
21900000,0.0030684210526315788,Closest expert
21900000,0.0016473684210526333,New customers
21900000,0.002047368421052631,Closest expert
21900000,0.0025578947368421067,New customers
21900000,0.002668421052631579,Closest expert
21900000,0.00574736842105263,New customers
21900000,0.004821052631578947,Closest expert
21900000,0.0012842105263157892,New customers
21900000,0.0017421052631578938,Closest expert
21900000,0.004726315789473683,New customers
21900000,0.0019105263157894743,Closest expert
21900000,0.0032736842105263162,New customers
21900000,0.0034894736842105293,Closest expert
21900000,0.00256842105263158,New customers
21900000,0.0031157894736842124,Closest expert
21900000,0.002400000000000001,New customers
21900000,0.0035894736842105256,Closest expert
21900000,0.002547368421052631,New customers
21900000,0.0018105263157894731,Closest expert
21900000,0.0012421052631578957,New customers
21900000,0.0015368421052631585,Closest expert
21900000,0.002010526315789473,New customers
21900000,0.0036526315789473674,Closest expert
21900000,0.0019578947368421055,New customers
21900000,0.0015315789473684203,Closest expert
21900000,0.001842105263157896,New customers
21900000,0.002405263157894736,Closest expert
21900000,0.0018210526315789472,New customers
21900000,0.003989473684210526,Closest expert
21900000,0.002536842105263159,New customers
21900000,0.0018631578947368426,Closest expert
21900000,0.0023578947368421044,New customers
21900000,0.0015315789473684198,Closest expert
21900000,0.004394736842105263,New customers
21900000,0.0022263157894736843,Closest expert
21900000,0.003536842105263161,New customers
21900000,0.0023526315789473683,Closest expert
21900000,0.0032105263157894727,New customers
21900000,0.002173684210526315,Closest expert
21900000,0.0012157894736842113,Average expert
